Ôªø,,,,,,,,,,,,,,
Disclaimers
‚Ä¢ This is an analytics report and currently we support downloading top 8000 listings by sold quantity.
‚Ä¢ This report ONLY includes listings sold within the selected time range. Any fees charged or credits applied to listings sold outside this time range are not included in this report. These fees and credits are included in the selling costs number shown on the Seller Hub Performance sales report dashboard.
‚Ä¢ Any fees charged or credits applied to these listings outside this time range are not included in this report.
"‚Ä¢ For the orders that have more than one unique item (multi-item orders), the order level fees/costs are distributed in individual items as follows. Total shipping label cost and per order fixed final value fees are equally distributed to each item."

"Report for Mar 3, 2026 to Apr 2, 2026"
Listing title,eBay item ID,Store category L1,Store category L2,Quantity sold,Total sales (Includes taxes),Item sales,Taxes and government fees paid by buyer to you,Taxes and government fees paid by buyer to eBay,Shipping and handling paid by buyer to you,Total selling costs,Insertion fees,Optional listing upgrade fees,Final value fees,Promoted Listings - General fees,Promoted Listings - Priority fees,Ads Express fees,Promoted Offsite - Fees,Other eBay fees,Deposit processing fees,Fee credits,Shipping labels cost (Amount you paid to buy shipping labels on eBay),Net sales (Net of taxes and selling costs),Average Selling price,Quantity sold via promoted listing,Quantity sold via Best Offers,Quantity sold via Seller Initiated Offers,
Craftsman 40811 40804 Steel Brass Thickness Feeler Gauge Set,388869921405,-,-,1,$21.75,$15.76,$0.00,$1.65,$4.34,$5.96,$0.00,$0.00,$4.15,$3.31,$0.00,$0.00,$0.00,$0.00,$0.00,$1.50,$0.00,$14.14,$21.75,1,0,0
Proto Blade Step Cut Feeler Gauge Set 000N,388869925564,-,-,1,$14.40,$9.34,$0.00,$1.10,$3.96,$4.08,$0.00,$0.00,$3.13,$2.40,$0.00,$0.00,$0.00,$0.00,$0.00,$1.45,$0.00,$9.22,$14.40,1,0,0
Craftsman Rally Torx 41473m Screwdriver Vintage Black  Clear Handle Flag,388931444187,-,-,1,$19.42,$10.00,$0.00,$0.70,$8.72,$10.66,$0.00,$0.00,$3.04,$2.33,$0.00,$0.00,$0.00,$0.00,$0.00,$0.00,$5.29,$8.06,$19.42,1,1,0
Vintage Craftsman Lineman‚Äôs Pliers ‚Äì Amber Handle USA Made Electrical Tool,389064046147,-,-,1,$24.08,$15.00,$0.00,$0.98,$8.10,$14.42,$0.00,$0.00,$3.67,$2.65,$0.00,$0.00,$0.00,$0.00,$0.00,$0.00,$8.10,$8.68,$24.08,1,1,0
Blackhawk USA Nut Driver Set ST-803 ST-809 ST-815 ST-818 1/4‚Äì1/2‚Äù Vintage Tools,389237612378,-,-,1,$23.96,$13.99,$0.00,$1.62,$8.35,$14.41,$0.00,$0.00,$3.66,$2.40,$0.00,$0.00,$0.00,$0.00,$0.00,$0.00,$8.35,$7.93,$23.96,1,0,0
Wright 4328 7/8‚Äù 12-Point Socket 1/2‚Äù Drive USA Chrome Industrial Tool,389340927587,-,-,1,$15.96,$10.00,$0.00,$0.00,$5.96,$10.45,$0.00,$0.00,$2.57,$1.92,$0.00,$0.00,$0.00,$0.00,$0.00,$0.00,$5.96,$5.51,$15.96,1,1,0
Snap-on TMX100 1/4‚Äù Drive Extension Bar 10‚Äù Long USA Chrome,389450020508,-,-,1,$38.39,$29.99,$0.00,$2.88,$5.52,$15.36,$0.00,$0.00,$5.62,$4.22,$0.00,$0.00,$0.00,$0.00,$0.00,$0.00,$5.52,$20.15,$38.39,1,0,0
Snap-on F4LA 3/8‚Äù Drive Speed Handle Crank Vintage USA Z-Handle Spinner,389478957836,-,-,1,$48.54,$39.99,$0.00,$2.12,$6.43,$18.87,$0.00,$0.00,$7.00,$5.44,$0.00,$0.00,$0.00,$0.00,$0.00,$0.00,$6.43,$27.55,$48.54,1,0,0
Vintage Millers Falls Hand Brace Drill ‚Äì Continental Firm ‚Äì Ratcheting Brace,389558577729,-,-,1,$25.92,$15.00,$0.00,$2.09,$8.83,$16.78,$0.00,$0.00,$3.93,$4.02,$0.00,$0.00,$0.00,$0.00,$0.00,$0.00,$8.83,$7.05,$25.92,1,0,1
Vintage Challenger Pipe Wrench 14‚Äù USA Drop Forged Steel Heavy Duty,389614185423,-,-,1,$21.73,$12.00,$0.00,$1.63,$8.10,$14.05,$0.00,$0.00,$3.36,$2.59,$0.00,$0.00,$0.00,$0.00,$0.00,$0.00,$8.10,$6.05,$21.73,1,1,0
IRWIN 12‚Äù Combination Square Set w/ Center Head & Rule Blue Aluminum,389641043723,-,-,1,$36.63,$28.00,$0.00,$2.55,$6.08,$15.53,$0.00,$0.00,$5.38,$4.07,$0.00,$0.00,$0.00,$0.00,$0.00,$0.00,$6.08,$18.55,$36.63,1,1,0
Vintage Millers Falls No.120 12‚Äù Combination Square Chrome USA,389641122828,-,-,1,$31.52,$20.00,$0.00,$2.80,$8.72,$16.91,$0.00,$0.00,$4.69,$3.50,$0.00,$0.00,$0.00,$0.00,$0.00,$0.00,$8.72,$11.81,$31.52,1,1,0
Gerber 450 E-Z Out USA Folding Knife Partially Serrated Lockback Black,389641530253,-,-,1,$26.86,$19.98,$0.00,$1.36,$5.52,$12.71,$0.00,$0.00,$4.05,$3.14,$0.00,$0.00,$0.00,$0.00,$0.00,$0.00,$5.52,$12.79,$26.86,1,0,0
Estwing 16 oz Steel Claw Hammer USA One-Piece Forged Shock Grip,389653454973,-,-,1,$29.58,$18.04,$0.00,$1.87,$9.67,$14.76,$0.00,$0.00,$4.66,$3.90,$0.00,$0.00,$0.00,$0.00,$0.00,$0.82,$7.02,$12.95,$29.58,1,0,0
Vintage Imperial USA 3 Blade Stockman Pocket Knife Jigged Handle,389653702285,-,-,1,$26.58,$18.99,$0.00,$1.97,$5.62,$12.61,$0.00,$0.00,$4.01,$2.98,$0.00,$0.00,$0.00,$0.00,$0.00,$0.00,$5.62,$12.00,$26.58,1,0,0
Working 1/2‚Äù & 3/8‚Äù Air Impact Lot + Taps Extractors 3M Wheel B&D,389690789659,-,-,1,$33.14,$20.49,$0.00,$2.42,$10.23,$18.12,$0.00,$0.00,$4.91,$2.98,$0.00,$0.00,$0.00,$0.00,$0.00,$0.00,$10.23,$12.60,$33.14,1,0,0
Vintage Farrier Tools Lot Hoof Nippers Bellota Spain Rasp + Hoof Rasp,389753255283,-,-,1,$41.34,$29.99,$0.00,$2.52,$8.83,$19.85,$0.00,$0.00,$6.02,$5.00,$0.00,$0.00,$0.00,$0.00,$0.00,$0.00,$8.83,$18.97,$41.34,1,0,0
Vintage Craftsman V Series 3/8‚Äù Flex Socket Set USA 8pc 3/8-13/16 w/ Case,389753320467,-,-,1,$66.62,$55.00,$0.00,$4.40,$7.22,$24.67,$0.00,$0.00,$9.46,$7.99,$0.00,$0.00,$0.00,$0.00,$0.00,$0.00,$7.22,$37.55,$66.62,1,1,0
Vintage Coleman 425B Two Burner Camp Stove Wichita KS Brass Tank Untested,389758262263,-,-,1,$71.75,$59.99,$0.00,$4.35,$7.41,$17.57,$0.00,$0.00,$10.16,$0.00,$0.00,$0.00,$0.00,$0.00,$0.00,$0.00,$7.41,$49.83,$71.75,0,0,0
Vintage Craftsman USA Screwdriver Lot Mixed Flat Phillips Acetate Handle,389763451911,-,-,1,$46.82,$34.63,$0.00,$2.96,$9.23,$18.92,$0.00,$0.00,$7.00,$5.70,$0.00,$0.00,$0.00,$0.00,$0.00,$0.80,$7.02,$24.94,$46.82,1,0,0
Vintage Craftsman Screwdriver Lot USA Flathead Phillips Acetate Handle Set,389763471118,-,-,1,$64.57,$51.00,$0.00,$4.92,$8.65,$26.09,$0.00,$0.00,$9.18,$8.26,$0.00,$0.00,$0.00,$0.00,$0.00,$0.00,$8.65,$33.56,$64.57,1,1,0
Radio Flyer 0890 Steel Wagon Body Red Replacement Tub Vintage,389767541094,-,-,1,$70.23,$40.00,$0.00,$5.65,$24.58,$42.75,$0.00,$0.00,$9.95,$8.22,$0.00,$0.00,$0.00,$0.00,$0.00,$0.00,$24.58,$21.83,$70.23,1,0,0
Vintage Craftsman 391.5195 Woodworking Bench Vise Swivel Base USA Heavy,389776210229,-,-,1,$121.97,$89.99,$0.00,$9.30,$22.68,$55.76,$0.00,$0.00,$16.99,$15.00,$0.00,$0.00,$0.00,$0.00,$0.00,$0.00,$23.77,$56.91,$121.97,1,0,0
Craftsman USA 1/4‚Äù Drive Socket Set 21 Pc G Series SAE Metric w/ Case,389779738544,-,-,1,$46.15,$36.99,$0.00,$2.87,$6.29,$18.51,$0.00,$0.00,$6.68,$5.54,$0.00,$0.00,$0.00,$0.00,$0.00,$0.00,$6.29,$24.77,$46.15,1,0,0
Vintage Estwing 16oz Claw Hammer Leather Handle Rockford IL USA Tool,389780024064,-,-,1,$25.62,$16.00,$0.00,$2.05,$7.57,$14.35,$0.00,$0.00,$3.88,$2.90,$0.00,$0.00,$0.00,$0.00,$0.00,$0.00,$7.57,$9.22,$25.62,1,1,0
Stanley Aladdin Lunch Box Cooler w/ Thermos 10-00311 Green Camping Set,389780133963,-,-,1,$69.95,$51.00,$0.00,$5.70,$13.25,$23.16,$0.00,$0.00,$9.91,$0.00,$0.00,$0.00,$0.00,$0.00,$0.00,$0.00,$13.25,$41.09,$69.95,0,1,0
Arizona License Plate GCA 9P4 Grand Canyon State 2026 Tag Vanity AZ Plate,389783496802,-,-,1,$20.96,$15.00,$0.00,$0.00,$5.96,$9.21,$0.00,$0.00,$3.25,$0.00,$0.00,$0.00,$0.00,$0.00,$0.00,$0.00,$5.96,$11.75,$20.96,0,1,0
Vintage Craftsman 66577 Pry Bar USA Green Patina Black Oxide Nail Puller,389783537611,-,-,1,$35.26,$24.00,$0.00,$2.00,$9.26,$18.59,$0.00,$0.00,$5.20,$4.13,$0.00,$0.00,$0.00,$0.00,$0.00,$0.00,$9.26,$14.67,$35.26,1,1,0
Vintage Small Stone Metate w/ Mano Basalt Grinding Bowl Southwest Decor,389784287339,-,-,1,$71.42,$59.99,$0.00,$4.02,$7.41,$25.88,$0.00,$0.00,$10.11,$8.36,$0.00,$0.00,$0.00,$0.00,$0.00,$0.00,$7.41,$41.52,$71.42,1,0,0
Starrett Combination Square 12‚Äù 4R Machinist Rule Athol USA Vintage,389784840514,-,-,1,$37.00,$25.00,$0.00,$2.74,$9.26,$18.95,$0.00,$0.00,$5.43,$4.26,$0.00,$0.00,$0.00,$0.00,$0.00,$0.00,$9.26,$15.31,$37.00,1,1,0
Vintage Tool Lot Craftsman Ratchet Sockets Wrenches Toolbox USA 20lbs,389794681822,-,-,1,$79.85,$41.78,$0.00,$2.92,$35.15,$53.12,$0.00,$0.00,$11.26,$6.71,$0.00,$0.00,$0.00,$0.00,$0.00,$0.00,$35.15,$23.81,$79.85,1,0,0
Craftsman 94 Pc Mechanics Tool Set SAE Metric 1/4 3/8 Drive COMPLETE Case,389812836611,-,-,1,$66.53,$50.00,$0.00,$0.00,$16.53,$25.98,$0.00,$0.00,$9.45,$0.00,$0.00,$0.00,$0.00,$0.00,$0.00,$0.00,$16.53,$40.55,$66.53,0,1,0
RadioShack PRO-89 200 Channel Handheld Scanner Race Police WX Tested Works,389817347239,-,-,1,$40.77,$31.50,$0.00,$2.76,$6.51,$16.93,$0.00,$0.00,$5.94,$4.48,$0.00,$0.00,$0.00,$0.00,$0.00,$0.00,$6.51,$21.08,$40.77,1,0,0